"id","filename","filepath","adatecreated","ndatecreated","adatecheckedin","ndatecheckedin","businessname","licensenumber","batchid","productname","sampleid","tvsampleid","metrcnumber","approved","notified"
2944,"206225-ResidualSolvents.pdf","reports/pdf/206225-ResidualSolvents.pdf","08/21/2015","1440136800","2015-08-21","1440136800","TR Scientific LLC","404R-00015","081015-F","Ultra Sonja Live","206225","2596","1A400031268748F000001029","1440396000","144019801518582800"
2949,"206225-Cannabinoids.pdf","reports/pdf/206225-Cannabinoids.pdf","08/21/2015","1440136800","2015-08-21","1440136800","TR Scientific LLC","404R-00015","081015-F","Ultra Sonja Live","206225","2596","1A400031268748F000001029","1440396000","144019801518582800"
2952,"206242-ResidualSolvents.pdf","reports/pdf/206242-ResidualSolvents.pdf","08/22/2015","1440223200","2015-08-21","1440136800","TR Scientific LLC","404R-00015","080515-C","WiFi OG Wax","206242","2613","1A400031268748F000001368","1440396000","144028441517996800"
2953,"206241-ResidualSolvents.pdf","reports/pdf/206241-ResidualSolvents.pdf","08/22/2015","1440223200","2015-08-21","1440136800","TR Scientific LLC","404R-00015","081315-T","WiFi OG Wax","206241","2612","1A400031268748F000001366","1440396000","144028441517996800"
2954,"206240-ResidualSolvents.pdf","reports/pdf/206240-ResidualSolvents.pdf","08/22/2015","1440223200","2015-08-21","1440136800","TR Scientific LLC","404R-00015","073015-D","Miss Devil Wax","206240","2611","1A400031268748F000001364","1440396000","144028441517996800"
2955,"206239-ResidualSolvents.pdf","reports/pdf/206239-ResidualSolvents.pdf","08/22/2015","1440223200","2015-08-21","1440136800","TR Scientific LLC","404R-00015","081315-R","WiFi OG Wax","206239","2610","1A400031268748F000001362","1440396000","144028441517996800"
2956,"206238-ResidualSolvents.pdf","reports/pdf/206238-ResidualSolvents.pdf","08/22/2015","1440223200","2015-08-21","1440136800","TR Scientific LLC","404R-00015","081715-N","Lee Roy Wax","206238","2609","1A400031268748F000001360","1440396000","144028441517996800"
2957,"206237-ResidualSolvents.pdf","reports/pdf/206237-ResidualSolvents.pdf","08/22/2015","1440223200","2015-08-21","1440136800","TR Scientific LLC","404R-00015","081315-U","A.R.C. Wax","206237","2608","1A400031268748F000001358","1440396000","144028441517996800"
2958,"206236-ResidualSolvents.pdf","reports/pdf/206236-ResidualSolvents.pdf","08/22/2015","1440223200","2015-08-21","1440136800","TR Scientific LLC","404R-00015","081815-C","Hybrid Wax","206236","2607","1A400031268748F000001356","1440396000","144028441517996800"
2959,"206235-ResidualSolvents.pdf","reports/pdf/206235-ResidualSolvents.pdf","08/22/2015","1440223200","2015-08-21","1440136800","TR Scientific LLC","404R-00015","081715-P","White Fire Wax","206235","2606","1A400031268748F000001354","1440396000","144028441517996800"
2960,"206234-ResidualSolvents.pdf","reports/pdf/206234-ResidualSolvents.pdf","08/22/2015","1440223200","2015-08-21","1440136800","TR Scientific LLC","404R-00015","081715-O","A.R.C. Wax","206234","2605","1A400031268748F000001352","1440396000","144028441517996800"
2961,"206233-ResidualSolvents.pdf","reports/pdf/206233-ResidualSolvents.pdf","08/22/2015","1440223200","2015-08-21","1440136800","TR Scientific LLC","404R-00015","081715-T","Golden Goat Wax","206233","2604","1A400031268748F000001350","1440396000","144028441517996800"
2962,"206232-ResidualSolvents.pdf","reports/pdf/206232-ResidualSolvents.pdf","08/22/2015","1440223200","2015-08-21","1440136800","TR Scientific LLC","404R-00015","081715-U","Highway Man Wax","206232","2603","1A400031268748F000001348","1440396000","144028441517996800"
2963,"206231-ResidualSolvents.pdf","reports/pdf/206231-ResidualSolvents.pdf","08/22/2015","1440223200","2015-08-21","1440136800","TR Scientific LLC","404R-00015","081015-A","Breakfast Live Resin","206231","2602","1A400031268748F000001346","1440396000","144028441517996800"
2964,"206230-ResidualSolvents.pdf","reports/pdf/206230-ResidualSolvents.pdf","08/22/2015","1440223200","2015-08-21","1440136800","TR Scientific LLC","404R-00015","081015-B","Durban Poison Sugar Wax","206230","2601","1A400031268748F000001344","1440396000","144028441517996800"
2965,"206229-ResidualSolvents.pdf","reports/pdf/206229-ResidualSolvents.pdf","08/22/2015","1440223200","2015-08-21","1440136800","TR Scientific LLC","404R-00015","080315-C","Golden Goat Live Wax","206229","2600","1A400031268748F000001341","1440396000","144028441517996800"
2966,"206228-ResidualSolvents.pdf","reports/pdf/206228-ResidualSolvents.pdf","08/22/2015","1440223200","2015-08-21","1440136800","TR Scientific LLC","404R-00015","081415-A","LeeRoy TK5","206228","2599","1A400031268748F000001339","1440396000","144028441517996800"
2967,"206227-ResidualSolvents.pdf","reports/pdf/206227-ResidualSolvents.pdf","08/22/2015","1440223200","2015-08-21","1440136800","TR Scientific LLC","404R-00015","081315-B","Lee Roy TK5","206227","2598","1A400031268748F000001337","1440396000","144028441517996800"
2968,"206226-ResidualSolvents.pdf","reports/pdf/206226-ResidualSolvents.pdf","08/22/2015","1440223200","2015-08-21","1440136800","TR Scientific LLC","404R-00015","081315-E","Cookie Wreck Shatter","206226","2597","1A400031268748F000001335","1440396000","144028441517996800"
2969,"206236-Cannabinoids.pdf","reports/pdf/206236-Cannabinoids.pdf","08/22/2015","1440223200","2015-08-21","1440136800","TR Scientific LLC","404R-00015","081815-C","Hybrid Wax","206236","2607","1A400031268748F000001356","1440396000","144028441517996800"
2970,"206235-Cannabinoids.pdf","reports/pdf/206235-Cannabinoids.pdf","08/22/2015","1440223200","2015-08-21","1440136800","TR Scientific LLC","404R-00015","081715-P","White Fire Wax","206235","2606","1A400031268748F000001354","1440396000","144028441517996800"
2971,"206234-Cannabinoids.pdf","reports/pdf/206234-Cannabinoids.pdf","08/22/2015","1440223200","2015-08-21","1440136800","TR Scientific LLC","404R-00015","081715-O","A.R.C. Wax","206234","2605","1A400031268748F000001352","1440396000","144028441517996800"
2972,"206233-Cannabinoids.pdf","reports/pdf/206233-Cannabinoids.pdf","08/22/2015","1440223200","2015-08-21","1440136800","TR Scientific LLC","404R-00015","081715-T","Golden Goat Wax","206233","2604","1A400031268748F000001350","1440396000","144028441517996800"
2973,"206232-Cannabinoids.pdf","reports/pdf/206232-Cannabinoids.pdf","08/22/2015","1440223200","2015-08-21","1440136800","TR Scientific LLC","404R-00015","081715-U","Highway Man Wax","206232","2603","1A400031268748F000001348","1440396000","144028441517996800"
2974,"206231-Cannabinoids.pdf","reports/pdf/206231-Cannabinoids.pdf","08/22/2015","1440223200","2015-08-21","1440136800","TR Scientific LLC","404R-00015","081015-A","Breakfast Live Resin","206231","2602","1A400031268748F000001346","1440396000","144028441517996800"
2975,"206230-Cannabinoids.pdf","reports/pdf/206230-Cannabinoids.pdf","08/22/2015","1440223200","2015-08-21","1440136800","TR Scientific LLC","404R-00015","081015-B","Durban Poison Sugar Wax","206230","2601","1A400031268748F000001344","1440396000","144028441517996800"
2976,"206229-Cannabinoids.pdf","reports/pdf/206229-Cannabinoids.pdf","08/22/2015","1440223200","2015-08-21","1440136800","TR Scientific LLC","404R-00015","080315-C","Golden Goat Live Wax","206229","2600","1A400031268748F000001341","1440396000","144028441517996800"
2977,"206228-Cannabinoids.pdf","reports/pdf/206228-Cannabinoids.pdf","08/22/2015","1440223200","2015-08-21","1440136800","TR Scientific LLC","404R-00015","081415-A","LeeRoy TK5","206228","2599","1A400031268748F000001339","1440396000","144028441517996800"
2978,"206227-Cannabinoids.pdf","reports/pdf/206227-Cannabinoids.pdf","08/22/2015","1440223200","2015-08-21","1440136800","TR Scientific LLC","404R-00015","081315-B","Lee Roy TK5","206227","2598","1A400031268748F000001337","1440396000","144028441517996800"
2979,"206226-Cannabinoids.pdf","reports/pdf/206226-Cannabinoids.pdf","08/22/2015","1440223200","2015-08-21","1440136800","TR Scientific LLC","404R-00015","081315-E","Cookie Wreck Shatter","206226","2597","1A400031268748F000001335","1440396000","144028441517996800"
2980,"206241-Cannabinoids.pdf","reports/pdf/206241-Cannabinoids.pdf","08/22/2015","1440223200","2015-08-21","1440136800","TR Scientific LLC","404R-00015","081315-T","WiFi OG Wax","206241","2612","1A400031268748F000001366","1440396000","144028441517996800"
2981,"206239-Cannabinoids.pdf","reports/pdf/206239-Cannabinoids.pdf","08/22/2015","1440223200","2015-08-21","1440136800","TR Scientific LLC","404R-00015","081315-R","WiFi OG Wax","206239","2610","1A400031268748F000001362","1440396000","144028441517996800"
2982,"206238-Cannabinoids.pdf","reports/pdf/206238-Cannabinoids.pdf","08/22/2015","1440223200","2015-08-21","1440136800","TR Scientific LLC","404R-00015","081715-N","Lee Roy Wax","206238","2609","1A400031268748F000001360","1440396000","144028441517996800"
2983,"206237-Cannabinoids.pdf","reports/pdf/206237-Cannabinoids.pdf","08/22/2015","1440223200","2015-08-21","1440136800","TR Scientific LLC","404R-00015","081315-U","A.R.C. Wax","206237","2608","1A400031268748F000001358","1440396000","144028441517996800"
2984,"206242-Cannabinoids.pdf","reports/pdf/206242-Cannabinoids.pdf","08/22/2015","1440223200","2015-08-21","1440136800","TR Scientific LLC","404R-00015","080515-C","WiFi OG Wax","206242","2613","1A400031268748F000001368","1440396000","144028441517996800"
2985,"206240-Cannabinoids.pdf","reports/pdf/206240-Cannabinoids.pdf","08/22/2015","1440223200","2015-08-21","1440136800","TR Scientific LLC","404R-00015","073015-D","Miss Devil Wax","206240","2611","1A400031268748F000001364","1440396000","144028441517996800"
2987,"206261-Cannabinoids.pdf","reports/pdf/206261-Cannabinoids.pdf","08/22/2015","1440223200","2015-08-21","1440136800","JKC Manufacturing LLC","404R-00114","","Indica 100mg bottle","206261","2632","1A40003126874F2000000020","1440396000","144028441517996800"
2988,"206263-Cannabinoids.pdf","reports/pdf/206263-Cannabinoids.pdf","08/22/2015","1440223200","2015-08-21","1440136800","JKC Manufacturing LLC","404R-00114","","Hybrid 100mg Bottle","206263","2634","1A40003126874F2000000022","1440396000","144028441517996800"
2989,"206262-Cannabinoids.pdf","reports/pdf/206262-Cannabinoids.pdf","08/22/2015","1440223200","2015-08-21","1440136800","JKC Manufacturing LLC","404R-00114","","Sativa 100mg Bottle","206262","2633","1A40003126874F2000000021","1440396000","144028441517996800"
2990,"206249-Cannabinoids.pdf","reports/pdf/206249-Cannabinoids.pdf","08/24/2015","1440396000","2015-08-21","1440136800","Left Bank LLC (Dixie)","404R-00010","WC SM 8&#x2F;20","Watermelon Cream Elixir","206249","2620","1A400031268748A000008341","1440396000","144045721518981200"
2991,"206248-Cannabinoids.pdf","reports/pdf/206248-Cannabinoids.pdf","08/24/2015","1440396000","2015-08-21","1440136800","Left Bank LLC (Dixie)","404R-00010","LOT-08.19.15-A","Muscle Relief Lotion","206248","2619","1A400031268748A000008339","1440396000","144045721518981200"
2994,"206243-Cannabinoids.pdf","reports/pdf/206243-Cannabinoids.pdf","08/24/2015","1440396000","2015-08-21","1440136800","Left Bank LLC (Dixie)","404R-00010","XDN-08.19.2015-A","Synergy Dew Drops - Natural","206243","2614","1A400031268748A000008329","1440396000","144045721518981200"
2995,"206260-Cannabinoids.pdf","reports/pdf/206260-Cannabinoids.pdf","08/24/2015","1440396000","2015-08-21","1440136800","Herbal Medical Institute LLC","404R-00077","8&#x2F;5","Dragon 75mg Chocolate","206260","2631","1A40003126874CD000002079","1440396000","144045721518981200"
2996,"206258-Cannabinoids.pdf","reports/pdf/206258-Cannabinoids.pdf","08/24/2015","1440396000","2015-08-21","1440136800","Herbal Medical Institute LLC","404R-00077","Rec #5 1750","Green Dragon Elixir","206258","2629","1A40003126874CD000002052","1440396000","144045721518981200"
2997,"206257-Cannabinoids.pdf","reports/pdf/206257-Cannabinoids.pdf","08/24/2015","1440396000","2015-08-21","1440136800","Herbal Medical Institute LLC","404R-00077","#2 8&#x2F;19","CBD Black Oil","206257","2628","1A40003126874CD000002048","1440396000","144045721518981200"
2998,"206255-Cannabinoids.pdf","reports/pdf/206255-Cannabinoids.pdf","08/24/2015","1440396000","2015-08-21","1440136800","Left Bank LLC (Dixie)","404-00036","M2937","303 Kush","206255","2626","1A400050026874A400003752","1440396000","144045721518981200"
2999,"206254-Cannabinoids.pdf","reports/pdf/206254-Cannabinoids.pdf","08/24/2015","1440396000","2015-08-21","1440136800","Left Bank LLC (Dixie)","404-00036","M2937","Base","206254","2625","1A400050026874A400003750","1440396000","144045721518981200"
3000,"206252-Cannabinoids.pdf","reports/pdf/206252-Cannabinoids.pdf","08/24/2015","1440396000","2015-08-21","1440136800","Left Bank LLC (Dixie)","404-00036","M0071","RPM Post","206252","2623","1A400050026874A400003743","1440396000","144045721518981200"
3001,"206251-Cannabinoids.pdf","reports/pdf/206251-Cannabinoids.pdf","08/24/2015","1440396000","2015-08-21","1440136800","Left Bank LLC (Dixie)","404-00036","M0071","RPM Pre","206251","2622","1A400050026874A400003742","1440396000","144045721518981200"
3002,"206250-Cannabinoids.pdf","reports/pdf/206250-Cannabinoids.pdf","08/24/2015","1440396000","2015-08-21","1440136800","Left Bank LLC (Dixie)","404R-00010","CRK-08.18.15-A","Keeping Kind Bar","206250","2621","1A400031268748A000008343","1440396000","144045721518981200"
3003,"206256-Cannabinoids.pdf","reports/pdf/206256-Cannabinoids.pdf","08/24/2015","1440396000","2015-08-21","1440136800","Herbal Medical Institute LLC","404-00348","3358","Gupta Kush Caviar","206256","2627","1A400050026875DC00003390","1440396000","144045721518981200"
3004,"206253-Cannabinoids.pdf","reports/pdf/206253-Cannabinoids.pdf","08/24/2015","1440396000","2015-08-21","1440136800","Left Bank LLC (Dixie)","404-00036","M0071","Terpene Oil","206253","2624","1A400050026874A400003745","1440396000","144045721518981200"
3023,"206225-Terpenes.pdf","reports/pdf/206225-Terpenes.pdf","08/24/2015","1440396000","2015-08-21","1440136800","TR Scientific LLC","404R-00015","081015-F","Ultra Sonja Live","206225","2596","1A400031268748F000001029","1440396000","144045721518981200"
3025,"206263-Terpenes.pdf","reports/pdf/206263-Terpenes.pdf","08/24/2015","1440396000","2015-08-21","1440136800","JKC Manufacturing LLC","404R-00114","","Hybrid 100mg Bottle","206263","2634","1A40003126874F2000000022","1440396000","144045721518981200"
3026,"206262-Terpenes.pdf","reports/pdf/206262-Terpenes.pdf","08/24/2015","1440396000","2015-08-21","1440136800","JKC Manufacturing LLC","404R-00114","","Sativa 100mg Bottle","206262","2633","1A40003126874F2000000021","1440396000","144045721518981200"
3027,"206261-Terpenes.pdf","reports/pdf/206261-Terpenes.pdf","08/24/2015","1440396000","2015-08-21","1440136800","JKC Manufacturing LLC","404R-00114","","Indica 100mg bottle","206261","2632","1A40003126874F2000000020","1440396000","144045721518981200"
3028,"206255-Terpenes.pdf","reports/pdf/206255-Terpenes.pdf","08/24/2015","1440396000","2015-08-21","1440136800","Left Bank LLC (Dixie)","404-00036","M2937","303 Kush","206255","2626","1A400050026874A400003752","1440396000","144045721518981200"
3029,"206254-Terpenes.pdf","reports/pdf/206254-Terpenes.pdf","08/24/2015","1440396000","2015-08-21","1440136800","Left Bank LLC (Dixie)","404-00036","M2937","Base","206254","2625","1A400050026874A400003750","1440396000","144045721518981200"
3030,"206253-Terpenes.pdf","reports/pdf/206253-Terpenes.pdf","08/24/2015","1440396000","2015-08-21","1440136800","Left Bank LLC (Dixie)","404-00036","M0071","Terpene Oil","206253","2624","1A400050026874A400003745","1440396000","144045721518981200"
3031,"206252-Terpenes.pdf","reports/pdf/206252-Terpenes.pdf","08/24/2015","1440396000","2015-08-21","1440136800","Left Bank LLC (Dixie)","404-00036","M0071","RPM Post","206252","2623","1A400050026874A400003743","1440396000","144045721518981200"
3032,"206251-Terpenes.pdf","reports/pdf/206251-Terpenes.pdf","08/24/2015","1440396000","2015-08-21","1440136800","Left Bank LLC (Dixie)","404-00036","M0071","RPM Pre","206251","2622","1A400050026874A400003742","1440396000","144045721518981200"
3033,"206242-Terpenes.pdf","reports/pdf/206242-Terpenes.pdf","08/24/2015","1440396000","2015-08-21","1440136800","TR Scientific LLC","404R-00015","080515-C","WiFi OG Wax","206242","2613","1A400031268748F000001368","1440396000","144045721518981200"
3034,"206241-Terpenes.pdf","reports/pdf/206241-Terpenes.pdf","08/24/2015","1440396000","2015-08-21","1440136800","TR Scientific LLC","404R-00015","081315-T","WiFi OG Wax","206241","2612","1A400031268748F000001366","1440396000","144045721518981200"
3035,"206240-Terpenes.pdf","reports/pdf/206240-Terpenes.pdf","08/24/2015","1440396000","2015-08-21","1440136800","TR Scientific LLC","404R-00015","073015-D","Miss Devil Wax","206240","2611","1A400031268748F000001364","1440396000","144045721518981200"
3036,"206239-Terpenes.pdf","reports/pdf/206239-Terpenes.pdf","08/24/2015","1440396000","2015-08-21","1440136800","TR Scientific LLC","404R-00015","081315-R","WiFi OG Wax","206239","2610","1A400031268748F000001362","1440396000","144045721518981200"
3037,"206238-Terpenes.pdf","reports/pdf/206238-Terpenes.pdf","08/24/2015","1440396000","2015-08-21","1440136800","TR Scientific LLC","404R-00015","081715-N","Lee Roy Wax","206238","2609","1A400031268748F000001360","1440396000","144045721518981200"
3038,"206237-Terpenes.pdf","reports/pdf/206237-Terpenes.pdf","08/24/2015","1440396000","2015-08-21","1440136800","TR Scientific LLC","404R-00015","081315-U","A.R.C. Wax","206237","2608","1A400031268748F000001358","1440396000","144045721518981200"
3039,"206236-Terpenes.pdf","reports/pdf/206236-Terpenes.pdf","08/24/2015","1440396000","2015-08-21","1440136800","TR Scientific LLC","404R-00015","081815-C","Hybrid Wax","206236","2607","1A400031268748F000001356","1440396000","144045721518981200"
3040,"206235-Terpenes.pdf","reports/pdf/206235-Terpenes.pdf","08/24/2015","1440396000","2015-08-21","1440136800","TR Scientific LLC","404R-00015","081715-P","White Fire Wax","206235","2606","1A400031268748F000001354","1440396000","144045721518981200"
3041,"206234-Terpenes.pdf","reports/pdf/206234-Terpenes.pdf","08/24/2015","1440396000","2015-08-21","1440136800","TR Scientific LLC","404R-00015","081715-O","A.R.C. Wax","206234","2605","1A400031268748F000001352","1440396000","144045721518981200"
3042,"206233-Terpenes.pdf","reports/pdf/206233-Terpenes.pdf","08/24/2015","1440396000","2015-08-21","1440136800","TR Scientific LLC","404R-00015","081715-T","Golden Goat Wax","206233","2604","1A400031268748F000001350","1440396000","144045721518981200"
3043,"206232-Terpenes.pdf","reports/pdf/206232-Terpenes.pdf","08/24/2015","1440396000","2015-08-21","1440136800","TR Scientific LLC","404R-00015","081715-U","Highway Man Wax","206232","2603","1A400031268748F000001348","1440396000","144045721518981200"
3044,"206231-Terpenes.pdf","reports/pdf/206231-Terpenes.pdf","08/24/2015","1440396000","2015-08-21","1440136800","TR Scientific LLC","404R-00015","081015-A","Breakfast Live Resin","206231","2602","1A400031268748F000001346","1440396000","144045721518981200"
3045,"206230-Terpenes.pdf","reports/pdf/206230-Terpenes.pdf","08/24/2015","1440396000","2015-08-21","1440136800","TR Scientific LLC","404R-00015","081015-B","Durban Poison Sugar Wax","206230","2601","1A400031268748F000001344","1440396000","144045721518981200"
3046,"206229-Terpenes.pdf","reports/pdf/206229-Terpenes.pdf","08/24/2015","1440396000","2015-08-21","1440136800","TR Scientific LLC","404R-00015","080315-C","Golden Goat Live Wax","206229","2600","1A400031268748F000001341","1440396000","144045721518981200"
3047,"206228-Terpenes.pdf","reports/pdf/206228-Terpenes.pdf","08/24/2015","1440396000","2015-08-21","1440136800","TR Scientific LLC","404R-00015","081415-A","LeeRoy TK5","206228","2599","1A400031268748F000001339","1440396000","144045721518981200"
3048,"206227-Terpenes.pdf","reports/pdf/206227-Terpenes.pdf","08/24/2015","1440396000","2015-08-21","1440136800","TR Scientific LLC","404R-00015","081315-B","Lee Roy TK5","206227","2598","1A400031268748F000001337","1440396000","144045721518981200"
3049,"206226-Terpenes.pdf","reports/pdf/206226-Terpenes.pdf","08/24/2015","1440396000","2015-08-21","1440136800","TR Scientific LLC","404R-00015","081315-E","Cookie Wreck Shatter","206226","2597","1A400031268748F000001335","1440396000","144045721518981200"
3051,"206271-Cannabinoids.pdf","reports/pdf/206271-Cannabinoids.pdf","08/24/2015","1440396000","2015-08-21","1440136800","EBBU LLC","404-00440","M0092","Ebbu Hash 25 um","206271","2642","1A4000500268763800000105-25","1440396000","144045721518981200"
3052,"206270-Cannabinoids.pdf","reports/pdf/206270-Cannabinoids.pdf","08/24/2015","1440396000","2015-08-21","1440136800","EBBU LLC","404-00440","M0092","Ebbu Hash 73 um","206270","2641","1A4000500268763800000105-73","1440396000","144045721518981200"
3053,"206269-Cannabinoids.pdf","reports/pdf/206269-Cannabinoids.pdf","08/24/2015","1440396000","2015-08-21","1440136800","EBBU LLC","404-00440","M0092","Ebbu Hash 120 um","206269","2640","1A4000500268763800000105-120","1440396000","144045721518981200"
3054,"206268-Cannabinoids.pdf","reports/pdf/206268-Cannabinoids.pdf","08/24/2015","1440396000","2015-08-21","1440136800","EBBU LLC","404-00440","M0092","Ebbu Hash 190 um","206268","2639","1A4000500268763800000105-190","1440396000","144045721518981200"
3055,"206267-Cannabinoids.pdf","reports/pdf/206267-Cannabinoids.pdf","08/24/2015","1440396000","2015-08-21","1440136800","EBBU LLC","404-00440","M0103","Ebbu Hash 25 um","206267","2638","1A4000500268763800000104-25","1440396000","144045721518981200"
3056,"206266-Cannabinoids.pdf","reports/pdf/206266-Cannabinoids.pdf","08/24/2015","1440396000","2015-08-21","1440136800","EBBU LLC","404-00440","M0103","Ebbu Hash 73 um","206266","2637","1A4000500268763800000104-73","1440396000","144045721518981200"
3057,"206265-Cannabinoids.pdf","reports/pdf/206265-Cannabinoids.pdf","08/24/2015","1440396000","2015-08-21","1440136800","EBBU LLC","404-00440","M0103","Ebbu Hash 120 um","206265","2636","1A4000500268763800000104-120","1440396000","144045721518981200"
3058,"206264-Cannabinoids.pdf","reports/pdf/206264-Cannabinoids.pdf","08/24/2015","1440396000","2015-08-21","1440136800","EBBU LLC","404-00440","M0103","Ebbu Hash 190 um","206264","2635","1A4000500268763800000104-190","1440396000","144045721518981200"
3061,"206247-Cannabinoids.pdf","reports/pdf/206247-Cannabinoids.pdf","08/24/2015","1440396000","2015-08-21","1440136800","Left Bank LLC (Dixie)","404R-00010","DDV-08.19.15-A","Dew Drops - Vanilla","206247","2618","1A400031268748A000008337","1440396000","144045721518981200"
3062,"206244-Cannabinoids.pdf","reports/pdf/206244-Cannabinoids.pdf","08/24/2015","1440396000","2015-08-21","1440136800","Left Bank LLC (Dixie)","404R-00010","XDV-08.19.15-A","Synergy Dew Drops - Vanilla","206244","2615","1A400031268748A000008331","1440396000","144045721518981200"
3063,"206246-Cannabinoids.pdf","reports/pdf/206246-Cannabinoids.pdf","08/24/2015","1440396000","2015-08-21","1440136800","Left Bank LLC (Dixie)","404R-00010","DDN-08.19.15-A","Dew Drops - Natural","206246","2617","1A400031268748A000008335","1440396000","144045721518981200"
3064,"206245-Cannabinoids.pdf","reports/pdf/206245-Cannabinoids.pdf","08/24/2015","1440396000","2015-08-21","1440136800","Left Bank LLC (Dixie)","404R-00010","XDW-08.19.15-A","Synergy Dew Drops - Watermelon","206245","2616","1A400031268748A000008333","1440396000","144045721518981200"
3068,"206259-Cannabinoids.pdf","reports/pdf/206259-Cannabinoids.pdf","08/25/2015","1440482400","2015-08-21","1440136800","Herbal Medical Institute LLC","404R-00077","8&#x2F;18","Pre 98 Bubba Caviar","206259","2630","1A40003126874CD000002078","1440482400","144054361518883500"
3069,"206283-ResidualSolvents.pdf","reports/pdf/206283-ResidualSolvents.pdf","08/25/2015","1440482400","2015-08-24","1440396000","Infuzionz, LLC (The Green Solution)","404R-00003","12986","Kaliband D.W.","206283","2654","1A4000312687483000014447","1440482400","144054361518883500"
3070,"206284-ResidualSolvents.pdf","reports/pdf/206284-ResidualSolvents.pdf","08/25/2015","1440482400","2015-08-24","1440396000","Infuzionz, LLC (The Green Solution)","404R-00003","14511","O.G. Kush","206284","2655","1A4000312687483000014512","1440482400","144054361518883500"
3071,"206290-ResidualSolvents.pdf","reports/pdf/206290-ResidualSolvents.pdf","08/25/2015","1440482400","2015-08-24","1440396000","Organic Alternatives","404R-00061","","Golden Poison Shatter","206290","2661","1A40003126874BD000000416","1440482400","144054361518883500"
3072,"206291-ResidualSolvents.pdf","reports/pdf/206291-ResidualSolvents.pdf","08/25/2015","1440482400","2015-08-24","1440396000","Organic Alternatives","404R-00061","","NYC Dawg","206291","2662","1A40003126874BD000000417","1440482400","144054361518883500"
3073,"206292-ResidualSolvents.pdf","reports/pdf/206292-ResidualSolvents.pdf","08/25/2015","1440482400","2015-08-24","1440396000","Organic Alternatives","404R-00061","","Purple Kush Budder","206292","2663","1A40003126874BD000000418","1440482400","144054361518883500"
3074,"206293-ResidualSolvents.pdf","reports/pdf/206293-ResidualSolvents.pdf","08/25/2015","1440482400","2015-08-24","1440396000","Organic Alternatives","404R-00061","","Pineapple Mango Flash Budder","206293","2664","1A40003126874BD000000419","1440482400","144054361518883500"
3075,"206294-ResidualSolvents.pdf","reports/pdf/206294-ResidualSolvents.pdf","08/25/2015","1440482400","2015-08-24","1440396000","Organic Alternatives","404R-00061","","Frosty 99 Wax","206294","2665","1A40003126874BD000000420","1440482400","144054361518883500"
3076,"206295-ResidualSolvents.pdf","reports/pdf/206295-ResidualSolvents.pdf","08/25/2015","1440482400","2015-08-24","1440396000","Organic Alternatives","404R-00061","","Mob Boss Crumble","206295","2666","1A40003126874BD000000421","1440482400","144054361518883500"
3077,"206296-ResidualSolvents.pdf","reports/pdf/206296-ResidualSolvents.pdf","08/25/2015","1440482400","2015-08-24","1440396000","Organic Alternatives","404R-00061","","Trinity&#x27;s Hazey Kush Sugar Wax","206296","2667","1A40003126874BD000000422","1440482400","144054361518883500"
3078,"206297-ResidualSolvents.pdf","reports/pdf/206297-ResidualSolvents.pdf","08/25/2015","1440482400","2015-08-24","1440396000","Organic Alternatives","404R-00061","","Lavender Dream Shatter","206297","2668","1A40003126874BD000000423","1440482400","144054361518883500"
3079,"206298-ResidualSolvents.pdf","reports/pdf/206298-ResidualSolvents.pdf","08/25/2015","1440482400","2015-08-24","1440396000","Organic Alternatives","404R-00061","","Shreck Budder","206298","2669","1A40003126874BD000000424","1440482400","144054361518883500"
3080,"206299-ResidualSolvents.pdf","reports/pdf/206299-ResidualSolvents.pdf","08/25/2015","1440482400","2015-08-24","1440396000","Organic Alternatives","404R-00061","","Blueberry Lemon Haze Shatter","206299","2670","1A40003126874BD000000425","1440482400","144054361518883500"
3081,"206300-ResidualSolvents.pdf","reports/pdf/206300-ResidualSolvents.pdf","08/25/2015","1440482400","2015-08-24","1440396000","Organic Alternatives","404R-00061","","Colorado Kush Shatter","206300","2671","1A40003126874BD000000426","1440482400","144054361518883500"
3082,"206301-ResidualSolvents.pdf","reports/pdf/206301-ResidualSolvents.pdf","08/25/2015","1440482400","2015-08-24","1440396000","Organic Alternatives","404R-00061","","Nepalese Love Triangle Sugar Wax","206301","2672","1A40003126874BD000000428","1440482400","144054361518883500"
3083,"206303-Cannabinoids.pdf","reports/pdf/206303-Cannabinoids.pdf","08/25/2015","1440482400","2015-08-24","1440396000","Organic Alternatives","403R-00291","","Guava","206303","2674","1A400031266EF03000002444","1440482400","144054361518883500"
3084,"206302-Cannabinoids.pdf","reports/pdf/206302-Cannabinoids.pdf","08/25/2015","1440482400","2015-08-24","1440396000","Organic Alternatives","403R-00291","","Kief","206302","2673","1A400031266EF03000002443","1440482400","144054361518883500"
3085,"206301-Cannabinoids.pdf","reports/pdf/206301-Cannabinoids.pdf","08/25/2015","1440482400","2015-08-24","1440396000","Organic Alternatives","404R-00061","","Nepalese Love Triangle Sugar Wax","206301","2672","1A40003126874BD000000428","1440482400","144054361518883500"
3086,"206300-Cannabinoids.pdf","reports/pdf/206300-Cannabinoids.pdf","08/25/2015","1440482400","2015-08-24","1440396000","Organic Alternatives","404R-00061","","Colorado Kush Shatter","206300","2671","1A40003126874BD000000426","1440482400","144054361518883500"
3087,"206299-Cannabinoids.pdf","reports/pdf/206299-Cannabinoids.pdf","08/25/2015","1440482400","2015-08-24","1440396000","Organic Alternatives","404R-00061","","Blueberry Lemon Haze Shatter","206299","2670","1A40003126874BD000000425","1440482400","144054361518883500"
3088,"206298-Cannabinoids.pdf","reports/pdf/206298-Cannabinoids.pdf","08/25/2015","1440482400","2015-08-24","1440396000","Organic Alternatives","404R-00061","","Shreck Budder","206298","2669","1A40003126874BD000000424","1440482400","144054361518883500"
3089,"206297-Cannabinoids.pdf","reports/pdf/206297-Cannabinoids.pdf","08/25/2015","1440482400","2015-08-24","1440396000","Organic Alternatives","404R-00061","","Lavender Dream Shatter","206297","2668","1A40003126874BD000000423","1440482400","144054361518883500"
3090,"206296-Cannabinoids.pdf","reports/pdf/206296-Cannabinoids.pdf","08/25/2015","1440482400","2015-08-24","1440396000","Organic Alternatives","404R-00061","","Trinity&#x27;s Hazey Kush Sugar Wax","206296","2667","1A40003126874BD000000422","1440482400","144054361518883500"
3091,"206295-Cannabinoids.pdf","reports/pdf/206295-Cannabinoids.pdf","08/25/2015","1440482400","2015-08-24","1440396000","Organic Alternatives","404R-00061","","Mob Boss Crumble","206295","2666","1A40003126874BD000000421","1440482400","144054361518883500"
3092,"206294-Cannabinoids.pdf","reports/pdf/206294-Cannabinoids.pdf","08/25/2015","1440482400","2015-08-24","1440396000","Organic Alternatives","404R-00061","","Frosty 99 Wax","206294","2665","1A40003126874BD000000420","1440482400","144054361518883500"
3093,"206293-Cannabinoids.pdf","reports/pdf/206293-Cannabinoids.pdf","08/25/2015","1440482400","2015-08-24","1440396000","Organic Alternatives","404R-00061","","Pineapple Mango Flash Budder","206293","2664","1A40003126874BD000000419","1440482400","144054361518883500"
3094,"206292-Cannabinoids.pdf","reports/pdf/206292-Cannabinoids.pdf","08/25/2015","1440482400","2015-08-24","1440396000","Organic Alternatives","404R-00061","","Purple Kush Budder","206292","2663","1A40003126874BD000000418","1440482400","144054361518883500"
3095,"206291-Cannabinoids.pdf","reports/pdf/206291-Cannabinoids.pdf","08/25/2015","1440482400","2015-08-24","1440396000","Organic Alternatives","404R-00061","","NYC Dawg","206291","2662","1A40003126874BD000000417","1440482400","144054361518883500"
3096,"206290-Cannabinoids.pdf","reports/pdf/206290-Cannabinoids.pdf","08/25/2015","1440482400","2015-08-24","1440396000","Organic Alternatives","404R-00061","","Golden Poison Shatter","206290","2661","1A40003126874BD000000416","1440482400","144054361518883500"
3097,"206289-Cannabinoids.pdf","reports/pdf/206289-Cannabinoids.pdf","08/25/2015","1440482400","2015-08-24","1440396000","THChocolate LLC (EvoLab)","404R-00066","82215R3","Super Skunk","206289","2660","1A40003126874C2000004351","1440482400","144054361518883500"
3098,"206288-Cannabinoids.pdf","reports/pdf/206288-Cannabinoids.pdf","08/25/2015","1440482400","2015-08-24","1440396000","THChocolate LLC (EvoLab)","404R-00066","82115R1","Jilly&#x27;s Cookies","206288","2659","1A40003126874C2000004346","1440482400","144054361518883500"
3099,"206287-Cannabinoids.pdf","reports/pdf/206287-Cannabinoids.pdf","08/25/2015","1440482400","2015-08-24","1440396000","THChocolate LLC (EvoLab)","404R-00066","82215R2","White Fire","206287","2658","1A40003126874C2000004341","1440482400","144054361518883500"
3100,"206286-Cannabinoids.pdf","reports/pdf/206286-Cannabinoids.pdf","08/25/2015","1440482400","2015-08-24","1440396000","THChocolate LLC (EvoLab)","404R-00066","82215R1","Scott&#x27;s OG","206286","2657","1A40003126874C2000004337","1440482400","144054361518883500"
3101,"206285-Cannabinoids.pdf","reports/pdf/206285-Cannabinoids.pdf","08/25/2015","1440482400","2015-08-24","1440396000","Infuzionz, LLC (The Green Solution)","404R-00003","14108","Blue Diesel Live Sift","206285","2656","1A4000312687483000014908","1440482400","144054361518883500"
3102,"206284-Cannabinoids.pdf","reports/pdf/206284-Cannabinoids.pdf","08/25/2015","1440482400","2015-08-24","1440396000","Infuzionz, LLC (The Green Solution)","404R-00003","14511","O.G. Kush","206284","2655","1A4000312687483000014512","1440482400","144054361518883500"
3103,"206283-Cannabinoids.pdf","reports/pdf/206283-Cannabinoids.pdf","08/25/2015","1440482400","2015-08-24","1440396000","Infuzionz, LLC (The Green Solution)","404R-00003","12986","Kaliband D.W.","206283","2654","1A4000312687483000014447","1440482400","144054361518883500"
3104,"206282-Cannabinoids.pdf","reports/pdf/206282-Cannabinoids.pdf","08/25/2015","1440482400","2015-08-24","1440396000","Infuzionz, LLC (The Green Solution)","404R-00003","14880","Twista Wax","206282","2653","1A4000312687483000014881","1440482400","144054361518883500"
3105,"206281-Cannabinoids.pdf","reports/pdf/206281-Cannabinoids.pdf","08/25/2015","1440482400","2015-08-24","1440396000","Infuzionz, LLC (The Green Solution)","404R-00003","14851","Angel O.G.","206281","2652","1A4000312687483000014852","1440482400","144054361518883500"
3106,"206280-Cannabinoids.pdf","reports/pdf/206280-Cannabinoids.pdf","08/25/2015","1440482400","2015-08-24","1440396000","Infuzionz, LLC (The Green Solution)","404R-00003","14842","Utility Test","206280","2651","1A4000312687483000014843","1440482400","144054361518883500"
3107,"206279-Cannabinoids.pdf","reports/pdf/206279-Cannabinoids.pdf","08/25/2015","1440482400","2015-08-24","1440396000","Infuzionz, LLC (The Green Solution)","404R-00003","14445","Grape Diesel Live Sift","206279","2650","1A4000312687483000014448","1440482400","144054361518883500"
3108,"206278-Cannabinoids.pdf","reports/pdf/206278-Cannabinoids.pdf","08/25/2015","1440482400","2015-08-24","1440396000","Infuzionz, LLC (The Green Solution)","404R-00003","14427","Hybrid Dropz","206278","2649","1A4000312687483000014376","1440482400","144054361518883500"
3109,"206277-Cannabinoids.pdf","reports/pdf/206277-Cannabinoids.pdf","08/25/2015","1440482400","2015-08-24","1440396000","Infuzionz, LLC (The Green Solution)","404R-00003","14328","Hybrid B-Oil Dropz","206277","2648","1A4000312687483000014329","1440482400","144054361518883500"
3110,"206276-Cannabinoids.pdf","reports/pdf/206276-Cannabinoids.pdf","08/25/2015","1440482400","2015-08-24","1440396000","Infuzionz, LLC (The Green Solution)","404R-00003","14179","Twista Live Sift","206276","2647","1A4000312687483000014180","1440482400","144054361518883500"
3111,"206275-Cannabinoids.pdf","reports/pdf/206275-Cannabinoids.pdf","08/25/2015","1440482400","2015-08-24","1440396000","Infuzionz, LLC (The Green Solution)","404R-00003","14145","Hybrid B-Oil Cartridge","206275","2646","1A4000312687483000014146","1440482400","144054361518883500"
3112,"206274-Cannabinoids.pdf","reports/pdf/206274-Cannabinoids.pdf","08/25/2015","1440482400","2015-08-24","1440396000","Infuzionz, LLC (The Green Solution)","404R-00003","14107","Blue Dream Bubble","206274","2645","1A4000312687483000014109","1440482400","144054361518883500"
3113,"206273-Cannabinoids.pdf","reports/pdf/206273-Cannabinoids.pdf","08/25/2015","1440482400","2015-08-24","1440396000","Infuzionz, LLC (The Green Solution)","404R-00003","14328","Hybrid B-Oil","206273","2644","1A4000312687483000014028","1440482400","144054361518883500"
3114,"206272-Cannabinoids.pdf","reports/pdf/206272-Cannabinoids.pdf","08/25/2015","1440482400","2015-08-24","1440396000","Infuzionz, LLC (The Green Solution)","404R-00003","12930","Hybrid B-Oil Cartridge","206272","2643","1A4000312687483000012931","1440482400","144054361518883500"
3115,"206303-Terpenes.pdf","reports/pdf/206303-Terpenes.pdf","08/25/2015","1440482400","2015-08-24","1440396000","Organic Alternatives","403R-00291","","Guava","206303","2674","1A400031266EF03000002444","1440482400","144054361518883500"
3116,"206310-Cannabinoids.pdf","reports/pdf/206310-Cannabinoids.pdf","08/25/2015","1440482400","2015-08-24","1440396000","EBBU LLC","404-00440","M0096","Hash 190 Micron","206310","2681","1A4000500268763800000108-190","1440482400","144054361518883500"
3117,"206309-Cannabinoids.pdf","reports/pdf/206309-Cannabinoids.pdf","08/25/2015","1440482400","2015-08-24","1440396000","EBBU LLC","404-00440","M0096","Hash 73 Micron","206309","2680","1A4000500268763800000108-73","1440482400","144054361518883500"
3118,"206308-Cannabinoids.pdf","reports/pdf/206308-Cannabinoids.pdf","08/25/2015","1440482400","2015-08-24","1440396000","EBBU LLC","404-00440","M0096","Hash 25 Micron","206308","2679","1A4000500268763800000108-25","1440482400","144054361518883500"
3119,"206307-Cannabinoids.pdf","reports/pdf/206307-Cannabinoids.pdf","08/25/2015","1440482400","2015-08-24","1440396000","EBBU LLC","404-00440","M0102","Hash 190 Micron","206307","2678","1A4000500268763800000107-190","1440482400","144054361518883500"
3120,"206306-Cannabinoids.pdf","reports/pdf/206306-Cannabinoids.pdf","08/25/2015","1440482400","2015-08-24","1440396000","EBBU LLC","404-00440","M0102","Hash 120 Micron","206306","2677","1A4000500268763800000107-120","1440482400","144054361518883500"
3121,"206305-Cannabinoids.pdf","reports/pdf/206305-Cannabinoids.pdf","08/25/2015","1440482400","2015-08-24","1440396000","EBBU LLC","404-00440","M0102","Hash 73 Micron","206305","2676","1A4000500268763800000107-73","1440482400","144054361518883500"
3122,"206304-Cannabinoids.pdf","reports/pdf/206304-Cannabinoids.pdf","08/25/2015","1440482400","2015-08-24","1440396000","EBBU LLC","404-00440","M0102","Hash 25 Micron","206304","2675","1A4000500268763800000107-25","1440482400","144054361518883500"
3123,"206322-Cannabinoids.pdf","reports/pdf/206322-Cannabinoids.pdf","08/26/2015","1440568800","2015-08-25","1440482400","Revtec LLC","404R-00024","","Caviar Sample Wax","206322","2693","1A4000312687498000003716","1440568800","144063001517028100"
3124,"206321-Cannabinoids.pdf","reports/pdf/206321-Cannabinoids.pdf","08/26/2015","1440568800","2015-08-25","1440482400","Infuzionz, LLC (The Green Solution)","404R-00003","14381","Sativa B-Oil Dropz","206321","2692","1A4000312687483000014775","1440568800","144063001517028100"
3125,"206320-Cannabinoids.pdf","reports/pdf/206320-Cannabinoids.pdf","08/26/2015","1440568800","2015-08-25","1440482400","Infuzionz, LLC (The Green Solution)","404R-00003","14702","Flo Wax","206320","2691","1A4000312687483000014704","1440568800","144063001517028100"
3126,"206319-Cannabinoids.pdf","reports/pdf/206319-Cannabinoids.pdf","08/26/2015","1440568800","2015-08-25","1440482400","Infuzionz, LLC (The Green Solution)","404R-00003","14700","Flo Slipper Wax","206319","2690","1A4000312687483000014701","1440568800","144063001517028100"
3127,"206318-Cannabinoids.pdf","reports/pdf/206318-Cannabinoids.pdf","08/26/2015","1440568800","2015-08-25","1440482400","Infuzionz, LLC (The Green Solution)","404R-00003","14697","Atlantis Wax","206318","2689","1A4000312687483000014698","1440568800","144063001517028100"
3128,"206317-Cannabinoids.pdf","reports/pdf/206317-Cannabinoids.pdf","08/26/2015","1440568800","2015-08-25","1440482400","Infuzionz, LLC (The Green Solution)","404R-00003","14664","OG Kush Skunk #1 Wax","206317","2688","1a4000312687483000014665","1440568800","144063001517028100"
3129,"206316-Cannabinoids.pdf","reports/pdf/206316-Cannabinoids.pdf","08/26/2015","1440568800","2015-08-25","1440482400","The Green Solution","403-00179","6034","FLOx WB3 #13","206316","2687","1A4000500266EE9300006052","1440568800","144063001517028100"
3130,"206315-Cannabinoids.pdf","reports/pdf/206315-Cannabinoids.pdf","08/26/2015","1440568800","2015-08-25","1440482400","The Green Solution","403-00179","6033","FLOxWB3 #6","206315","2686","1A4000500266EE9300006053","1440568800","144063001517028100"
3131,"206314-Cannabinoids.pdf","reports/pdf/206314-Cannabinoids.pdf","08/26/2015","1440568800","2015-08-25","1440482400","The Green Solution","403-00179","6018","FLOxWB3 #56","206314","2685","1A4000500266EE9300006051","1440568800","144063001517028100"
3132,"206313-Cannabinoids.pdf","reports/pdf/206313-Cannabinoids.pdf","08/26/2015","1440568800","2015-08-25","1440482400","The Green Solution","403-00179","6016","FLOxWB3 #33","206313","2684","1A4000500266EE9300006048","1440568800","144063001517028100"
3133,"206312-Cannabinoids.pdf","reports/pdf/206312-Cannabinoids.pdf","08/26/2015","1440568800","2015-08-25","1440482400","The Green Solution","403-00179","6013","FLOxWB3 #64","206312","2683","1A4000500266EE9300006049","1440568800","144063001517028100"
3134,"206311-Cannabinoids.pdf","reports/pdf/206311-Cannabinoids.pdf","08/26/2015","1440568800","2015-08-25","1440482400","The Green Solution","403-00179","","FLOxWB3 #35","206311","2682","1A4000500266EE9300006050","1440568800","144063001517028100"
3135,"206345-Cannabinoids.pdf","reports/pdf/206345-Cannabinoids.pdf","08/26/2015","1440568800","2015-08-25","1440482400","THChocolate LLC (EvoLab)","404R-00066","82215R2","White Fire Vape2","206345","2716","1A40003126874C2000004443","1440568800","144063001517028100"
3136,"206344-Cannabinoids.pdf","reports/pdf/206344-Cannabinoids.pdf","08/26/2015","1440568800","2015-08-25","1440482400","THChocolate LLC (EvoLab)","404R-00066","82215R1","Scott&#x27;s OG","206344","2715","1A40003126874C2000004393","1440568800","144063001517028100"
3137,"206343-Cannabinoids.pdf","reports/pdf/206343-Cannabinoids.pdf","08/26/2015","1440568800","2015-08-25","1440482400","THChocolate LLC (EvoLab)","404R-00066","82215R3","Super Skunk Vape2","206343","2714","1A40003126874C2000004391","1440568800","144063001517028100"
3138,"206342-Cannabinoids.pdf","reports/pdf/206342-Cannabinoids.pdf","08/26/2015","1440568800","2015-08-25","1440482400","THChocolate LLC (EvoLab)","404R-00066","82115R1","Jilly&#x27;s Cookies Vape2","206342","2713","1A40003126874C2000004389","1440568800","144063001517028100"
3139,"206366-ResidualSolvents.pdf","reports/pdf/206366-ResidualSolvents.pdf","08/26/2015","1440568800","2015-08-26","1440568800","EBBU LLC","404R-00119","0103 from 0097","RCC","206366","2737","1A40003126874F7000000103","1440568800","144063001517028100"
3140,"206365-ResidualSolvents.pdf","reports/pdf/206365-ResidualSolvents.pdf","08/26/2015","1440568800","2015-08-26","1440568800","EBBU LLC","404R-00119","0102 from 0096","Green Crack","206365","2736","1A40003126874F7000000102","1440568800","144063001517028100"
3141,"206364-ResidualSolvents.pdf","reports/pdf/206364-ResidualSolvents.pdf","08/26/2015","1440568800","2015-08-26","1440568800","EBBU LLC","404R-00119","0101 from 0095","Agent O","206364","2735","1A40003126874F7000000101","1440568800","144063001517028100"
3142,"206322-ResidualSolvents.pdf","reports/pdf/206322-ResidualSolvents.pdf","08/26/2015","1440568800","2015-08-25","1440482400","Revtec LLC","404R-00024","","Caviar Sample Wax","206322","2693","1A4000312687498000003716","1440568800","144063001517028100"
3143,"206341-Cannabinoids.pdf","reports/pdf/206341-Cannabinoids.pdf","08/26/2015","1440568800","2015-08-25","1440482400","THChocolate LLC (EvoLab)","404-00048","80615M2","Sour Caddy Dab","206341","2712","1A400050026874B000005632","1440568800","144063001517028100"
3144,"206340-Cannabinoids.pdf","reports/pdf/206340-Cannabinoids.pdf","08/26/2015","1440568800","2015-08-25","1440482400","THChocolate LLC (EvoLab)","404-00048","80615M2","Sour Caddy Vape","206340","2711","1A400050026874B000005631","1440568800","144063001517028100"
3145,"206339-Cannabinoids.pdf","reports/pdf/206339-Cannabinoids.pdf","08/26/2015","1440568800","2015-08-25","1440482400","THChocolate LLC (EvoLab)","404-00048","80715M2","Swiss Gold Dab","206339","2710","1A400050026874B000005630","1440568800","144063001517028100"
3146,"206338-Cannabinoids.pdf","reports/pdf/206338-Cannabinoids.pdf","08/26/2015","1440568800","2015-08-25","1440482400","THChocolate LLC (EvoLab)","404-00048","80715M2","Swiss Gold Vape","206338","2709","1A400050026874B000005629","1440568800","144063001517028100"
3147,"206337-Cannabinoids.pdf","reports/pdf/206337-Cannabinoids.pdf","08/26/2015","1440568800","2015-08-25","1440482400","THChocolate LLC (EvoLab)","404-00048","80715M1","Sour Tsunami Dab","206337","2708","1A400050026874B000005628","1440568800","144063001517028100"
3148,"206336-Cannabinoids.pdf","reports/pdf/206336-Cannabinoids.pdf","08/26/2015","1440568800","2015-08-25","1440482400","THChocolate LLC (EvoLab)","404-00048","807156M1","Sour Tsunami Vape","206336","2707","1A400050026874B000005627","1440568800","144063001517028100"
3149,"206335-Cannabinoids.pdf","reports/pdf/206335-Cannabinoids.pdf","08/26/2015","1440568800","2015-08-25","1440482400","THChocolate LLC (EvoLab)","404-00048","80615M1","Harlequin Dab","206335","2706","1A400050026874B000005626","1440568800","144063001517028100"
3150,"206334-Cannabinoids.pdf","reports/pdf/206334-Cannabinoids.pdf","08/26/2015","1440568800","2015-08-25","1440482400","THChocolate LLC (EvoLab)","404-00048","80615M1","Harlequin Vape","206334","2705","1A400050026874B000005625","1440568800","144063001517028100"
3151,"206333-Cannabinoids.pdf","reports/pdf/206333-Cannabinoids.pdf","08/26/2015","1440568800","2015-08-25","1440482400","THChocolate LLC (EvoLab)","404-00048","81015M1","CBD Sugar #2 Dab","206333","2704","1A400050026874B000005624","1440568800","144063001517028100"
3152,"206332-Cannabinoids.pdf","reports/pdf/206332-Cannabinoids.pdf","08/26/2015","1440568800","2015-08-25","1440482400","THChocolate LLC (EvoLab)","404-00048","81015M1","CBD Sugar #2 Vape","206332","2703","1A400050026874B000005623","1440568800","144063001517028100"
3153,"206331-Cannabinoids.pdf","reports/pdf/206331-Cannabinoids.pdf","08/26/2015","1440568800","2015-08-25","1440482400","THChocolate LLC (EvoLab)","404-00048","80515M2","Fem Diesel Dab","206331","2702","1A400050026874B000005622","1440568800","144063001517028100"
3154,"206330-Cannabinoids.pdf","reports/pdf/206330-Cannabinoids.pdf","08/26/2015","1440568800","2015-08-25","1440482400","THChocolate LLC (EvoLab)","404-00048","M0515M2","Fem Diesel Vape","206330","2701","1A400050026874B000005621","1440568800","144063001517028100"
3155,"206329-Cannabinoids.pdf","reports/pdf/206329-Cannabinoids.pdf","08/26/2015","1440568800","2015-08-25","1440482400","THChocolate LLC (EvoLab)","404-00048","80415M3","CBDiesel Dab","206329","2700","1A400050026874B000005620","1440568800","144063001517028100"
3156,"206328-Cannabinoids.pdf","reports/pdf/206328-Cannabinoids.pdf","08/26/2015","1440568800","2015-08-25","1440482400","THChocolate LLC (EvoLab)","404-00048","80415M3","CBDiesel Vape","206328","2699","1A400050026874B000005619","1440568800","144063001517028100"
3157,"206327-Cannabinoids.pdf","reports/pdf/206327-Cannabinoids.pdf","08/26/2015","1440568800","2015-08-25","1440482400","THChocolate LLC (EvoLab)","404-00048","80715M3","CBD Blend #1 Dab","206327","2698","1A400050026874B000005618","1440568800","144063001517028100"
3158,"206326-Cannabinoids.pdf","reports/pdf/206326-Cannabinoids.pdf","08/26/2015","1440568800","2015-08-25","1440482400","THChocolate LLC (EvoLab)","404-00048","80715M3","CBD Blend #1 Vape","206326","2697","1A400050026874B000005617","1440568800","144063001517028100"
3159,"206324-Cannabinoids.pdf","reports/pdf/206324-Cannabinoids.pdf","08/26/2015","1440568800","2015-08-25","1440482400","THChocolate LLC (EvoLab)","404-00048","80915M1","CBD Sugar Vape","206324","2695","1A400050026874B000004608","1440568800","144063001517028100"
3161,"206359-Cannabinoids.pdf","reports/pdf/206359-Cannabinoids.pdf","08/26/2015","1440568800","2015-08-25","1440482400","XG Platinum Corp.  MIP-404R-00100","404R-00100","","Retail Wax","206359","2730","1A40003126874E4000000832","1440568800","144063001517028100"
3162,"206358-Cannabinoids.pdf","reports/pdf/206358-Cannabinoids.pdf","08/26/2015","1440568800","2015-08-25","1440482400","XG Platinum Corp.  MIP-404R-00100","404R-00100","","Retail Budder Hash","206358","2729","1A40003126874E4000000825","1440568800","144063001517028100"
3163,"206357-Cannabinoids.pdf","reports/pdf/206357-Cannabinoids.pdf","08/26/2015","1440568800","2015-08-25","1440482400","XG Platinum Corp.  MIP-404R-00100","404R-00100","","Retail Platinum PreRoll","206357","2728","1A40003126874E4000000839","1440568800","144063001517028100"
3164,"206360-Cannabinoids.pdf","reports/pdf/206360-Cannabinoids.pdf","08/26/2015","1440568800","2015-08-25","1440482400","XG Platinum Corp.  MIP-404R-00100","404R-00100","","Retail Wax","206360","2731","1A40003126874E4000000833","1440568800","144063001517028100"
3165,"206351-Cannabinoids.pdf","reports/pdf/206351-Cannabinoids.pdf","08/27/2015","1440655200","2015-08-25","1440482400","THChocolate LLC (EvoLab)","404R-00066","81715R1","BWell Kush Vape","206351","2722","1A40003126874C2000004469","",""
3166,"206350-Cannabinoids.pdf","reports/pdf/206350-Cannabinoids.pdf","08/27/2015","1440655200","2015-08-25","1440482400","THChocolate LLC (EvoLab)","404R-00066","82315AR1","Green Love Potion","206350","2721","1A40003126874C2000004464","",""
3167,"206349-Cannabinoids.pdf","reports/pdf/206349-Cannabinoids.pdf","08/27/2015","1440655200","2015-08-25","1440482400","THChocolate LLC (EvoLab)","404R-00066","82415AR3","Topical Oil","206349","2720","1A40003126874C2000004460","",""
3168,"206348-Cannabinoids.pdf","reports/pdf/206348-Cannabinoids.pdf","08/27/2015","1440655200","2015-08-25","1440482400","THChocolate LLC (EvoLab)","404R-00066","82415AR3","Chunky Diesel Vape","206348","2719","1A40003126874C2000004457","",""
3169,"206347-Cannabinoids.pdf","reports/pdf/206347-Cannabinoids.pdf","08/27/2015","1440655200","2015-08-25","1440482400","THChocolate LLC (EvoLab)","404R-00066","82415AR2","Girl Scout Cookies Vape","206347","2718","1A40003126874C2000004452","",""
3170,"206346-Cannabinoids.pdf","reports/pdf/206346-Cannabinoids.pdf","08/27/2015","1440655200","2015-08-25","1440482400","THChocolate LLC (EvoLab)","404R-00066","82415AR1","Nepal Vape","206346","2717","1A40003126874C2000004447","",""
3171,"206380-Cannabinoids.pdf","reports/pdf/206380-Cannabinoids.pdf","08/27/2015","1440655200","2015-08-26","1440568800","TR Scientific LLC","404R-00015","051915-E","Orange Ghost","206380","2751","1A400031268748F000001162","",""
3172,"206354-Cannabinoids.pdf","reports/pdf/206354-Cannabinoids.pdf","08/27/2015","1440655200","2015-08-25","1440482400","THChocolate LLC (EvoLab)","404R-00066","81715R1","Bwell Kush Terp Juice","206354","2725","1A40003126874C2000004479","",""
3173,"206353-Cannabinoids.pdf","reports/pdf/206353-Cannabinoids.pdf","08/27/2015","1440655200","2015-08-25","1440482400","THChocolate LLC (EvoLab)","404R-00066","81715R1","Bwell Kush Dab 2","206353","2724","1A40003126874C2000004478","",""
3174,"206352-Cannabinoids.pdf","reports/pdf/206352-Cannabinoids.pdf","08/27/2015","1440655200","2015-08-25","1440482400","THChocolate LLC (EvoLab)","404R-00066","81715R1","Bwell Kush Dab1","206352","2723","1A40003126874C2000004477","",""
3175,"206363-Cannabinoids.pdf","reports/pdf/206363-Cannabinoids.pdf","08/27/2015","1440655200","2015-08-26","1440568800","EBBU LLC","404R-00119","0100 from 0097","RCC","206363","2734","1A40003126874F7000000100","",""
3176,"206362-Cannabinoids.pdf","reports/pdf/206362-Cannabinoids.pdf","08/27/2015","1440655200","2015-08-26","1440568800","EBBU LLC","404R-00119","0099 from 0096","Green Crack","206362","2733","1A40003126874F7000000099","",""
3177,"206361-Cannabinoids.pdf","reports/pdf/206361-Cannabinoids.pdf","08/27/2015","1440655200","2015-08-26","1440568800","EBBU LLC","404R-00119","0098 from 0095","Agent O","206361","2732","1A40003126874F7000000098","",""
3178,"206355-Cannabinoids.pdf","reports/pdf/206355-Cannabinoids.pdf","08/27/2015","1440655200","2015-08-25","1440482400","The Green Solution","403R-00019","08-19","Black Russian","206355","2726","1A400031266EDF3000008100","",""
3179,"206367-Cannabinoids.pdf","reports/pdf/206367-Cannabinoids.pdf","08/27/2015","1440655200","2015-08-26","1440568800","EBBU LLC","404R-00119","0104 from 0050","Agent O Syringe","206367","2738","1A40003126874F7000000104","",""
3180,"206388-Cannabinoids.pdf","reports/pdf/206388-Cannabinoids.pdf","08/27/2015","1440655200","2015-08-26","1440568800","TR Scientific LLC","404R-00015","082015-I","Wifi Wax","206388","2759","1A400031268748F000001380","",""
3181,"206387-Cannabinoids.pdf","reports/pdf/206387-Cannabinoids.pdf","08/27/2015","1440655200","2015-08-26","1440568800","TR Scientific LLC","404R-00015","082415-L","Highwayman Wax","206387","2758","1A400031268748F000001378","",""
3182,"206397-Cannabinoids.pdf","reports/pdf/206397-Cannabinoids.pdf","08/27/2015","1440655200","2015-08-26","1440568800","TR Scientific LLC","404R-00015","082115-J","A.R.C. Wax","206397","2768","1A400031268748F000001398","",""
3183,"206386-Cannabinoids.pdf","reports/pdf/206386-Cannabinoids.pdf","08/27/2015","1440655200","2015-08-26","1440568800","TR Scientific LLC","404R-00015","082515-B","Orange Herijuana Live Resin","206386","2757","1A400031268748F000001376","",""
3184,"206385-Cannabinoids.pdf","reports/pdf/206385-Cannabinoids.pdf","08/27/2015","1440655200","2015-08-26","1440568800","TR Scientific LLC","404R-00015","082115-K","Tiger&#x27;s Milk Wax","206385","2756","1A400031268748F000001374","",""
3185,"206384-Cannabinoids.pdf","reports/pdf/206384-Cannabinoids.pdf","08/27/2015","1440655200","2015-08-26","1440568800","TR Scientific LLC","404R-00015","082115-P","A.R.C. Wax","206384","2755","1A400031268748F000001372","",""
3186,"206383-Cannabinoids.pdf","reports/pdf/206383-Cannabinoids.pdf","08/27/2015","1440655200","2015-08-26","1440568800","TR Scientific LLC","404R-00015","0821015-D","Wifi Wax","206383","2754","1A400031268748F000001370","",""
3187,"206382-Cannabinoids.pdf","reports/pdf/206382-Cannabinoids.pdf","08/27/2015","1440655200","2015-08-26","1440568800","TR Scientific LLC","404R-00015","052615-B","Blue Dream Decarb","206382","2753","1A400031268748F000001164","",""
3188,"206381-Cannabinoids.pdf","reports/pdf/206381-Cannabinoids.pdf","08/27/2015","1440655200","2015-08-26","1440568800","TR Scientific LLC","404R-00015","042415-E","Girl Scout Thin Mint Decarb","206381","2752","1A400031268748F000001163","",""
3189,"206396-Cannabinoids.pdf","reports/pdf/206396-Cannabinoids.pdf","08/27/2015","1440655200","2015-08-26","1440568800","TR Scientific LLC","404R-00015","082115-I","Wifi Wax","206396","2767","1A400031268748F000001396","",""
3190,"206395-Cannabinoids.pdf","reports/pdf/206395-Cannabinoids.pdf","08/27/2015","1440655200","2015-08-26","1440568800","TR Scientific LLC","404R-00015","082115-E","Tahoe Headband Wax","206395","2766","1A400031268748F000001394","",""
3191,"206394-Cannabinoids.pdf","reports/pdf/206394-Cannabinoids.pdf","08/27/2015","1440655200","2015-08-26","1440568800","TR Scientific LLC","404R-00015","082115-F","A.R.C. Wax","206394","2765","1a400031268748f000001392","",""
3192,"206393-Cannabinoids.pdf","reports/pdf/206393-Cannabinoids.pdf","08/27/2015","1440655200","2015-08-26","1440568800","TR Scientific LLC","404R-00015","082115-B","Bubba Glue Wax","206393","2764","1A400031268748F000001390","",""
3193,"206392-Cannabinoids.pdf","reports/pdf/206392-Cannabinoids.pdf","08/27/2015","1440655200","2015-08-26","1440568800","TR Scientific LLC","404R-00015","081815-F","Goat Fuel Wax","206392","2763","1A400031268748F000001388","",""
3194,"206391-Cannabinoids.pdf","reports/pdf/206391-Cannabinoids.pdf","08/27/2015","1440655200","2015-08-26","1440568800","TR Scientific LLC","404R-00015","081715-Q","Highwayman #9 Live Wax","206391","2762","1A400031268748F000001386","",""
3195,"206390-Cannabinoids.pdf","reports/pdf/206390-Cannabinoids.pdf","08/27/2015","1440655200","2015-08-26","1440568800","TR Scientific LLC","404R-00015","082415-J","Golden Goat","206390","2761","1A400031268748F000001384","",""
3196,"206389-Cannabinoids.pdf","reports/pdf/206389-Cannabinoids.pdf","08/27/2015","1440655200","2015-08-26","1440568800","TR Scientific LLC","404R-00015","081715-R","Lemon Flo Wax","206389","2760","1A400031268748F000001382","",""
3197,"206325-Cannabinoids.pdf","reports/pdf/206325-Cannabinoids.pdf","08/27/2015","1440655200","2015-08-25","1440482400","THChocolate LLC (EvoLab)","404-00048","80915M1","CBD Sugar Dab","206325","2696","1A400050026874B000004609","",""
3198,"206411-ResidualSolvents.pdf","reports/pdf/206411-ResidualSolvents.pdf","08/27/2015","1440655200","2015-08-26","1440568800","Conscious Confections (Native Roots)","404R-00006","DANR.08.27.LJ.1","Lifesaver Jones","206411","2782","1A4000312687486000002781","",""
3199,"206409-ResidualSolvents.pdf","reports/pdf/206409-ResidualSolvents.pdf","08/27/2015","1440655200","2015-08-26","1440568800","Conscious Confections (Native Roots)","404R-00006","","Lemon Kush Sap","206409","2780","1A4000312687486000002565","",""
3200,"206407-ResidualSolvents.pdf","reports/pdf/206407-ResidualSolvents.pdf","08/27/2015","1440655200","2015-08-26","1440568800","Conscious Confections (Native Roots)","404R-00006","DANR.08.22.DMOG.1","Deadman OG","206407","2778","1A4000312687486000002561","",""
3201,"206401-ResidualSolvents.pdf","reports/pdf/206401-ResidualSolvents.pdf","08/27/2015","1440655200","2015-08-26","1440568800","TR Scientific LLC","404R-00015","031715-C","Mob Boss Decarb","206401","2772","1A400031268748F000001166","",""
3202,"206400-ResidualSolvents.pdf","reports/pdf/206400-ResidualSolvents.pdf","08/27/2015","1440655200","2015-08-26","1440568800","TR Scientific LLC","404R-00015","052615-A","OG Sky Decarb","206400","2771","1A400031268748F000001165","",""
3203,"206399-ResidualSolvents.pdf","reports/pdf/206399-ResidualSolvents.pdf","08/27/2015","1440655200","2015-08-26","1440568800","TR Scientific LLC","404R-00015","042615-M","Tri Kush   Orange Sour Dub Decarb","206399","2770","1A400031268748F000001161","",""
3204,"206398-ResidualSolvents.pdf","reports/pdf/206398-ResidualSolvents.pdf","08/27/2015","1440655200","2015-08-26","1440568800","TR Scientific LLC","404R-00015","072115-D","White Glass Slipper Decarb","206398","2769","1A400031268748F000001160","",""
3205,"206397-ResidualSolvents.pdf","reports/pdf/206397-ResidualSolvents.pdf","08/27/2015","1440655200","2015-08-26","1440568800","TR Scientific LLC","404R-00015","082115-J","A.R.C. Wax","206397","2768","1A400031268748F000001398","",""
3206,"206396-ResidualSolvents.pdf","reports/pdf/206396-ResidualSolvents.pdf","08/27/2015","1440655200","2015-08-26","1440568800","TR Scientific LLC","404R-00015","082115-I","Wifi Wax","206396","2767","1A400031268748F000001396","",""
3207,"206395-ResidualSolvents.pdf","reports/pdf/206395-ResidualSolvents.pdf","08/27/2015","1440655200","2015-08-26","1440568800","TR Scientific LLC","404R-00015","082115-E","Tahoe Headband Wax","206395","2766","1A400031268748F000001394","",""
3208,"206394-ResidualSolvents.pdf","reports/pdf/206394-ResidualSolvents.pdf","08/27/2015","1440655200","2015-08-26","1440568800","TR Scientific LLC","404R-00015","082115-F","A.R.C. Wax","206394","2765","1a400031268748f000001392","",""
3209,"206393-ResidualSolvents.pdf","reports/pdf/206393-ResidualSolvents.pdf","08/27/2015","1440655200","2015-08-26","1440568800","TR Scientific LLC","404R-00015","082115-B","Bubba Glue Wax","206393","2764","1A400031268748F000001390","",""
3210,"206392-ResidualSolvents.pdf","reports/pdf/206392-ResidualSolvents.pdf","08/27/2015","1440655200","2015-08-26","1440568800","TR Scientific LLC","404R-00015","081815-F","Goat Fuel Wax","206392","2763","1A400031268748F000001388","",""
3211,"206391-ResidualSolvents.pdf","reports/pdf/206391-ResidualSolvents.pdf","08/27/2015","1440655200","2015-08-26","1440568800","TR Scientific LLC","404R-00015","081715-Q","Highwayman #9 Live Wax","206391","2762","1A400031268748F000001386","",""
3212,"206390-ResidualSolvents.pdf","reports/pdf/206390-ResidualSolvents.pdf","08/27/2015","1440655200","2015-08-26","1440568800","TR Scientific LLC","404R-00015","082415-J","Golden Goat","206390","2761","1A400031268748F000001384","",""
3213,"206389-ResidualSolvents.pdf","reports/pdf/206389-ResidualSolvents.pdf","08/27/2015","1440655200","2015-08-26","1440568800","TR Scientific LLC","404R-00015","081715-R","Lemon Flo Wax","206389","2760","1A400031268748F000001382","",""
3214,"206388-ResidualSolvents.pdf","reports/pdf/206388-ResidualSolvents.pdf","08/27/2015","1440655200","2015-08-26","1440568800","TR Scientific LLC","404R-00015","082015-I","Wifi Wax","206388","2759","1A400031268748F000001380","",""
3215,"206387-ResidualSolvents.pdf","reports/pdf/206387-ResidualSolvents.pdf","08/27/2015","1440655200","2015-08-26","1440568800","TR Scientific LLC","404R-00015","082415-L","Highwayman Wax","206387","2758","1A400031268748F000001378","",""
3216,"206386-ResidualSolvents.pdf","reports/pdf/206386-ResidualSolvents.pdf","08/27/2015","1440655200","2015-08-26","1440568800","TR Scientific LLC","404R-00015","082515-B","Orange Herijuana Live Resin","206386","2757","1A400031268748F000001376","",""
3217,"206385-ResidualSolvents.pdf","reports/pdf/206385-ResidualSolvents.pdf","08/27/2015","1440655200","2015-08-26","1440568800","TR Scientific LLC","404R-00015","082115-K","Tiger&#x27;s Milk Wax","206385","2756","1A400031268748F000001374","",""
3218,"206384-ResidualSolvents.pdf","reports/pdf/206384-ResidualSolvents.pdf","08/27/2015","1440655200","2015-08-26","1440568800","TR Scientific LLC","404R-00015","082115-P","A.R.C. Wax","206384","2755","1A400031268748F000001372","",""
3219,"206383-ResidualSolvents.pdf","reports/pdf/206383-ResidualSolvents.pdf","08/27/2015","1440655200","2015-08-26","1440568800","TR Scientific LLC","404R-00015","0821015-D","Wifi Wax","206383","2754","1A400031268748F000001370","",""
3220,"206382-ResidualSolvents.pdf","reports/pdf/206382-ResidualSolvents.pdf","08/27/2015","1440655200","2015-08-26","1440568800","TR Scientific LLC","404R-00015","052615-B","Blue Dream Decarb","206382","2753","1A400031268748F000001164","",""
3221,"206381-ResidualSolvents.pdf","reports/pdf/206381-ResidualSolvents.pdf","08/27/2015","1440655200","2015-08-26","1440568800","TR Scientific LLC","404R-00015","042415-E","Girl Scout Thin Mint Decarb","206381","2752","1A400031268748F000001163","",""
3222,"206380-ResidualSolvents.pdf","reports/pdf/206380-ResidualSolvents.pdf","08/27/2015","1440655200","2015-08-26","1440568800","TR Scientific LLC","404R-00015","051915-E","Orange Ghost","206380","2751","1A400031268748F000001162","",""
